CB,ITT,KGL,KGU,KA,VIC,BG,DG,MN,KA_s,CB_s,BG_s,DG_s,MN_s,obj,cost,deficit,n1active,hydro,solar,wind,coal,oil,biomass,gas,nuclear,itt_hydro,kgu_hydro,kgl_hydro,vic_hydro,ka_n_hydro,ka_s_hydro,ka_solar,bg_n_hydro,bg_s_hydro,bg_solar,dg_n_hydro,dg_s_hydro,dg_solar,cb_hydro,cb_solar,mn_hydro,mn_solar,trans
1.0,1.0,1.0,1.0,1.0,1.0,1.0,1.0,0.0,0.0,0.0,0.0,0.0,0.0,34396042.22905434,34396042.22905434,0.0,41.0,272787.239106719,0.0,0.0,477712.95150742074,5.810167162204986e-15,0.0,0.0,43200.0,3891.8918918918907,20952.0,9089.212594037324,3096.0,14640.0,11088.0,0.0,20160.0,14321.134620789699,0.0,16248.0,16248.0,0.0,49728.0,0.0,0.0,0.0,Existing
1.0,1.0,1.0,1.0,1.0,1.0,1.0,1.0,0.0,0.0,0.0,0.0,0.0,0.1,34310873.17866105,34310873.17866105,0.0,45.0,272787.20765919646,1381.3000000000002,0.0,476331.682954943,-8.878083453585835e-14,0.0,0.0,43200.0,3891.8918918918907,20952.0,9089.212594037324,3096.0,14640.0,11088.0,0.0,20160.0,14321.103173267189,0.0,16248.0,16248.0,0.0,49728.0,0.0,0.0,1381.3000000000002,Existing
1.0,1.0,1.0,1.0,1.0,1.0,1.0,1.0,0.0,0.0,0.0,0.0,0.0,0.2,34225704.12826775,34225704.12826775,0.0,43.0,272787.176211674,2762.6000000000004,0.0,474950.4144024652,-1.2179146580137967e-13,0.0,0.0,43200.0,3891.8918918918907,20952.0,9089.212594037324,3096.0,14640.0,11088.0,0.0,20160.0,14321.071725744676,0.0,16248.0,16248.0,0.0,49728.0,0.0,0.0,2762.6000000000004,Existing
1.0,1.0,1.0,1.0,1.0,1.0,1.0,1.0,0.0,0.0,0.0,0.0,0.0,0.30000000000000004,34140535.07787445,34140535.07787445,0.0,41.0,272787.1447641515,4143.900000000001,0.0,473569.14584998763,9.429494222482997e-14,0.0,0.0,43200.0,3891.8918918918907,20952.0,9089.212594037324,3096.0,14640.0,11088.0,0.0,20160.0,14321.040278222166,0.0,16248.0,16248.0,0.0,49728.0,0.0,0.0,4143.900000000001,Existing
1.0,1.0,1.0,1.0,1.0,1.0,1.0,1.0,0.0,0.0,0.0,0.0,0.0,0.4,34055366.02748116,34055366.02748116,0.0,46.0,272787.1133166289,5525.200000000001,0.0,472187.87729751,-4.807265696626928e-14,0.0,0.0,43200.0,3891.8918918918907,20952.0,9089.212594037324,3096.0,14640.0,11088.0,0.0,20160.0,14321.008830699657,0.0,16248.0,16248.0,0.0,49728.0,0.0,0.0,5525.200000000001,Existing
1.0,1.0,1.0,1.0,1.0,1.0,1.0,1.0,0.0,0.0,0.0,0.0,0.0,0.5,33970196.97708787,33970196.97708787,0.0,43.0,272787.08186910645,6906.5,0.0,470806.6087450322,1.72454643158441e-14,0.0,0.0,43200.0,3891.8918918918907,20952.0,9089.212594037324,3096.0,14640.0,11088.0,0.0,20160.0,14320.977383177147,0.0,16248.0,16248.0,0.0,49728.0,0.0,0.0,6906.5,Existing
1.0,1.0,1.0,1.0,1.0,1.0,1.0,1.0,0.0,0.0,0.0,0.0,0.0,0.6000000000000001,33885027.92669456,33885027.92669456,0.0,39.0,272787.050421584,8287.800000000001,0.0,469425.3401925545,5.047814018629045e-14,0.0,0.0,43200.0,3891.8918918918907,20952.0,9089.212594037324,3096.0,14640.0,11088.0,0.0,20160.0,14320.94593565463,0.0,16248.0,16248.0,0.0,49728.0,0.0,0.0,8287.800000000001,Existing
1.0,1.0,1.0,1.0,1.0,1.0,1.0,1.0,0.0,0.0,0.0,0.0,0.0,0.7000000000000001,33799858.87630124,33799858.87630124,0.0,44.0,272787.0189740614,9669.1,0.0,468044.0716400768,3.4638958368304884e-14,0.0,0.0,43200.0,3891.8918918918907,20952.0,9089.212594037324,3096.0,14640.0,11088.0,0.0,20160.0,14320.914488132124,0.0,16248.0,16248.0,0.0,49728.0,0.0,0.0,9669.1,Existing
1.0,1.0,1.0,1.0,1.0,1.0,1.0,1.0,0.0,0.0,0.0,0.0,0.0,0.8,33714689.825907946,33714689.825907946,0.0,43.0,272786.98752653896,11050.400000000001,0.0,466662.8030875992,-3.92278802034222e-15,0.0,0.0,43200.0,3891.8918918918907,20952.0,9089.212594037324,3096.0,14640.0,11088.0,0.0,20160.0,14320.883040609611,0.0,16248.0,16248.0,0.0,49728.0,0.0,0.0,11050.400000000001,Existing
1.0,1.0,1.0,1.0,1.0,1.0,1.0,1.0,0.0,0.0,0.0,0.0,0.0,0.9,33634814.58456611,33634814.58456611,0.0,43.0,272786.9580336839,12345.843243243065,0.0,465367.38933721103,-1.237158523773966e-13,0.0,0.0,43200.0,3891.8918918918907,20952.0,9089.212594037324,3096.0,14640.0,11088.0,0.0,20160.0,14320.853547754652,0.0,16248.0,16248.0,0.0,49728.0,0.0,0.0,12345.843243243065,Existing
1.0,1.0,1.0,1.0,1.0,1.0,1.0,1.0,0.0,0.0,0.0,0.0,0.0,1.0,33586249.589940965,33586249.589940965,0.0,45.0,272786.94010171504,13133.48648648613,0.0,464579.76402593695,-8.715250743307479e-14,0.0,0.0,43200.0,3891.8918918918907,20952.0,9089.212594037324,3096.0,14640.0,11088.0,0.0,20160.0,14320.835615785769,0.0,16248.0,16248.0,0.0,49728.0,0.0,0.0,13133.48648648613,Existing
1.0,1.0,1.0,1.0,1.0,1.0,1.0,1.0,0.0,0.0,0.0,0.0,0.0,1.1,33552169.53807289,33552169.53807289,0.0,42.0,272786.9275181158,13686.208108107663,0.0,464027.0549879145,-7.864079757761526e-14,0.0,0.0,43200.0,3891.8918918918907,20952.0,9089.212594037324,3096.0,14640.0,11088.0,0.0,20160.0,14320.823032186521,0.0,16248.0,16248.0,0.0,49728.0,0.0,0.0,13686.208108107663,Existing
1.0,1.0,1.0,1.0,1.0,1.0,1.0,1.0,0.0,0.0,0.0,0.0,0.0,1.2000000000000002,33525981.78943393,33525981.78943393,0.0,44.0,272786.917848643,14110.929729729196,0.0,463602.3430357657,-1.1546319456101628e-14,0.0,0.0,43200.0,3891.8918918918907,20952.0,9089.212594037324,3096.0,14640.0,11088.0,0.0,20160.0,14320.813362713738,0.0,16248.0,16248.0,0.0,49728.0,0.0,0.0,14110.929729729196,Existing
1.0,1.0,1.0,1.0,1.0,1.0,1.0,1.0,0.0,0.0,0.0,0.0,0.0,1.3,33503470.22764533,33503470.22764533,0.0,42.0,272786.9095365526,14476.029729729195,0.0,463237.25134785613,2.020605904817785e-14,0.0,0.0,43200.0,3891.8918918918907,20952.0,9089.212594037324,3096.0,14640.0,11088.0,0.0,20160.0,14320.805050623336,0.0,16248.0,16248.0,0.0,49728.0,0.0,0.0,14476.029729729195,Existing
1.0,1.0,1.0,1.0,1.0,1.0,1.0,1.0,0.0,0.0,0.0,0.0,0.0,1.4000000000000001,33488356.366974674,33488356.366974674,0.0,46.0,272786.90395596356,14721.151351350727,0.0,462992.13530682365,-8.474702421305361e-15,0.0,0.0,43200.0,3891.8918918918907,20952.0,9089.212594037324,3096.0,14640.0,11088.0,0.0,20160.0,14320.799470034244,0.0,16248.0,16248.0,0.0,49728.0,0.0,0.0,14721.151351350727,Existing
1.0,1.0,1.0,1.0,1.0,1.0,1.0,1.0,0.0,0.0,0.0,0.0,0.0,1.5,33473515.13738686,33473515.13738686,0.0,45.0,272786.8984760398,14961.851351350728,0.0,462751.44078674755,1.0547118733938987e-14,0.0,0.0,43200.0,3891.8918918918907,20952.0,9089.212594037324,3096.0,14640.0,11088.0,0.0,20160.0,14320.7939901105,0.0,16248.0,16248.0,0.0,49728.0,0.0,0.0,14961.851351350728,Existing
1.0,1.0,1.0,1.0,1.0,1.0,1.0,1.0,0.0,0.0,0.0,0.0,0.0,1.6,33458673.907799024,33458673.907799024,0.0,47.0,272786.892996116,15202.551351350727,0.0,462510.7462666711,2.490600318575768e-14,0.0,0.0,43200.0,3891.8918918918907,20952.0,9089.212594037324,3096.0,14640.0,11088.0,0.0,20160.0,14320.78851018676,0.0,16248.0,16248.0,0.0,49728.0,0.0,0.0,15202.551351350727,Existing
1.0,1.0,1.0,1.0,1.0,1.0,1.0,1.0,0.0,0.0,0.0,0.0,0.0,1.7000000000000002,33449189.479041003,33449189.479041003,0.0,46.0,272786.88949411875,15356.37297297226,0.0,462356.9281470468,2.257453483404485e-15,0.0,0.0,43200.0,3891.8918918918907,20952.0,9089.212594037324,3096.0,14640.0,11088.0,0.0,20160.0,14320.785008189427,0.0,16248.0,16248.0,0.0,49728.0,0.0,0.0,15356.37297297226,Existing
1.0,1.0,1.0,1.0,1.0,1.0,1.0,1.0,0.0,0.0,0.0,0.0,0.0,1.8,33440544.940660395,33440544.940660395,0.0,47.0,272786.88630223955,15496.572972972259,0.0,462216.73133892607,3.5120055012309116e-14,0.0,0.0,43200.0,3891.8918918918907,20952.0,9089.212594037324,3096.0,14640.0,11088.0,0.0,20160.0,14320.781816310287,0.0,16248.0,16248.0,0.0,49728.0,0.0,0.0,15496.572972972259,Existing
1.0,1.0,1.0,1.0,1.0,1.0,1.0,1.0,0.0,0.0,0.0,0.0,0.0,1.9000000000000001,33431900.402279772,33431900.402279772,0.0,45.0,272786.8831103604,15636.77297297226,0.0,462076.5345308052,-1.3507713466272738e-14,0.0,0.0,43200.0,3891.8918918918907,20952.0,9089.212594037324,3096.0,14640.0,11088.0,0.0,20160.0,14320.778624431148,0.0,16248.0,16248.0,0.0,49728.0,0.0,0.0,15636.77297297226,Existing
1.0,1.0,1.0,1.0,1.0,1.0,1.0,1.0,0.0,0.0,0.0,0.0,0.0,2.0,33423255.863899164,33423255.863899164,0.0,44.0,272786.8799184813,15776.97297297226,0.0,461936.33772268426,3.045711830888346e-14,0.0,0.0,43200.0,3891.8918918918907,20952.0,9089.212594037324,3096.0,14640.0,11088.0,0.0,20160.0,14320.775432552005,0.0,16248.0,16248.0,0.0,49728.0,0.0,0.0,15776.97297297226,Existing
1.0,1.0,1.0,1.0,1.0,1.0,1.0,1.0,0.0,0.0,0.0,0.0,0.0,0.0,25587057.096044946,25587057.096044946,0.0,65.0,259780.50113443463,0.0,0.0,336012.2817654861,-2.201942332173227e-13,0.0,0.0,39167.369591390765,3891.8918918918907,20952.0,9089.212594037324,3096.0,14640.0,11088.0,0.0,20160.0,10420.730638886274,0.0,16248.0,8464.730638886198,0.0,49728.0,0.0,0.0,0.0,200
1.0,1.0,1.0,1.0,1.0,1.0,1.0,1.0,0.0,0.0,0.0,0.0,0.0,0.1,25506074.176099874,25506074.176099874,0.0,66.0,259780.53150484935,1313.3486486486129,0.0,334698.9027464225,-4.677739677087326e-14,0.0,0.0,39167.36959139074,3891.8918918918907,20952.0,9089.212594037324,3096.0,14640.0,11088.0,0.0,20160.0,10420.745824093707,0.0,16248.0,8464.745824093627,0.0,49728.0,0.0,0.0,1313.3486486486129,200
1.0,1.0,1.0,1.0,1.0,1.0,1.0,1.0,0.0,0.0,0.0,0.0,0.0,0.2,25489774.067615263,25489774.067615263,0.0,68.0,259780.5376177564,1577.6972972972258,0.0,334434.5479848669,-1.0835776720341528e-13,0.0,0.0,39167.369591390765,3891.8918918918907,20952.0,9089.212594037324,3096.0,14640.0,11088.0,0.0,20160.0,10420.7488805472,0.0,16248.0,8464.74888054712,0.0,49728.0,0.0,0.0,1577.6972972972258,200
1.0,1.0,1.0,1.0,1.0,1.0,1.0,1.0,0.0,0.0,0.0,0.0,0.0,0.30000000000000004,25485466.26869881,25485466.26869881,0.0,68.0,259780.5392332778,1647.5594594593788,0.0,334364.68420718337,-6.394884621840902e-14,0.0,0.0,39167.369591390765,3891.8918918918907,20952.0,9089.212594037324,3096.0,14640.0,11088.0,0.0,20160.0,10420.7496883079,0.0,16248.0,8464.74968830782,0.0,49728.0,0.0,0.0,1647.5594594593788,200
1.0,1.0,1.0,1.0,1.0,1.0,1.0,1.0,0.0,0.0,0.0,0.0,0.0,0.4,25482231.378189813,25482231.378189813,0.0,65.0,259780.5404464344,1700.0216216215322,0.0,334312.2208318646,-5.10702591327572e-14,0.0,0.0,39167.369591390765,3891.8918918918907,20952.0,9089.212594037324,3096.0,14640.0,11088.0,0.0,20160.0,10420.750294886218,0.0,16248.0,8464.75029488614,0.0,49728.0,0.0,0.0,1700.0216216215322,200
1.0,1.0,1.0,1.0,1.0,1.0,1.0,1.0,0.0,0.0,0.0,0.0,0.0,0.5,25481022.814696368,25481022.814696368,0.0,66.0,259780.5408996729,1719.621621621532,0.0,334292.6203786261,-8.452497960812859e-14,0.0,0.0,39167.369591390765,3891.8918918918907,20952.0,9089.212594037324,3096.0,14640.0,11088.0,0.0,20160.0,10420.750521505453,0.0,16248.0,8464.750521505375,0.0,49728.0,0.0,0.0,1719.621621621532,200
1.0,1.0,1.0,1.0,1.0,1.0,1.0,1.0,0.0,0.0,0.0,0.0,0.0,0.6000000000000001,25479814.25120292,25479814.25120292,0.0,67.0,259780.54135291136,1739.221621621532,0.0,334273.01992538763,-6.106226635438361e-14,0.0,0.0,39167.369591390765,3891.8918918918907,20952.0,9089.212594037324,3096.0,14640.0,11088.0,0.0,20160.0,10420.750748124688,0.0,16248.0,8464.750748124608,0.0,49728.0,0.0,0.0,1739.221621621532,200
1.0,1.0,1.0,1.0,1.0,1.0,1.0,1.0,0.0,0.0,0.0,0.0,0.0,0.7000000000000001,25478605.687709473,25478605.687709473,0.0,65.0,259780.54180614982,1758.8216216215321,0.0,334253.41947214917,-5.64733445192663e-14,0.0,0.0,39167.369591390765,3891.8918918918907,20952.0,9089.212594037324,3096.0,14640.0,11088.0,0.0,20160.0,10420.750974743922,0.0,16248.0,8464.750974743843,0.0,49728.0,0.0,0.0,1758.8216216215321,200
1.0,1.0,1.0,1.0,1.0,1.0,1.0,1.0,0.0,0.0,0.0,0.0,0.0,0.8,25477397.12421603,25477397.12421603,0.0,65.0,259780.54225938828,1778.421621621532,0.0,334233.81901891064,-1.1257661469699087e-13,0.0,0.0,39167.369591390765,3891.8918918918907,20952.0,9089.212594037324,3096.0,14640.0,11088.0,0.0,20160.0,10420.751201363157,0.0,16248.0,8464.75120136308,0.0,49728.0,0.0,0.0,1778.421621621532,200
1.0,1.0,1.0,1.0,1.0,1.0,1.0,1.0,0.0,0.0,0.0,0.0,0.0,0.9,25477066.485775463,25477066.485775463,0.0,67.0,259780.5423833851,1783.7837837836853,0.0,334228.4567327517,-1.5328479226657995e-13,0.0,0.0,39167.369591390765,3891.8918918918907,20952.0,9089.212594037324,3096.0,14640.0,11088.0,0.0,20160.0,10420.751263361579,0.0,16248.0,8464.751263361502,0.0,49728.0,0.0,0.0,1783.7837837836853,200
1.0,1.0,1.0,1.0,1.0,1.0,1.0,1.0,0.0,0.0,0.0,0.0,0.0,1.0,25477066.485775463,25477066.485775463,0.0,67.0,259780.5423833851,1783.7837837836853,0.0,334228.4567327517,-1.5328479226657995e-13,0.0,0.0,39167.369591390765,3891.8918918918907,20952.0,9089.212594037324,3096.0,14640.0,11088.0,0.0,20160.0,10420.751263361579,0.0,16248.0,8464.751263361502,0.0,49728.0,0.0,0.0,1783.7837837836853,200
1.0,1.0,1.0,1.0,1.0,1.0,1.0,1.0,0.0,0.0,0.0,0.0,0.0,1.1,25477066.485775463,25477066.485775463,0.0,67.0,259780.5423833851,1783.7837837836853,0.0,334228.4567327517,-1.5328479226657995e-13,0.0,0.0,39167.369591390765,3891.8918918918907,20952.0,9089.212594037324,3096.0,14640.0,11088.0,0.0,20160.0,10420.751263361579,0.0,16248.0,8464.751263361502,0.0,49728.0,0.0,0.0,1783.7837837836853,200
1.0,1.0,1.0,1.0,1.0,1.0,1.0,1.0,0.0,0.0,0.0,0.0,0.0,1.2000000000000002,25477066.485775463,25477066.485775463,0.0,67.0,259780.5423833851,1783.7837837836853,0.0,334228.4567327517,-1.5328479226657995e-13,0.0,0.0,39167.369591390765,3891.8918918918907,20952.0,9089.212594037324,3096.0,14640.0,11088.0,0.0,20160.0,10420.751263361579,0.0,16248.0,8464.751263361502,0.0,49728.0,0.0,0.0,1783.7837837836853,200
1.0,1.0,1.0,1.0,1.0,1.0,1.0,1.0,0.0,0.0,0.0,0.0,0.0,1.3,25477066.485775463,25477066.485775463,0.0,67.0,259780.5423833851,1783.7837837836853,0.0,334228.4567327517,-1.5328479226657995e-13,0.0,0.0,39167.369591390765,3891.8918918918907,20952.0,9089.212594037324,3096.0,14640.0,11088.0,0.0,20160.0,10420.751263361579,0.0,16248.0,8464.751263361502,0.0,49728.0,0.0,0.0,1783.7837837836853,200
1.0,1.0,1.0,1.0,1.0,1.0,1.0,1.0,0.0,0.0,0.0,0.0,0.0,1.4000000000000001,25477066.485775463,25477066.485775463,0.0,67.0,259780.5423833851,1783.7837837836853,0.0,334228.4567327517,-1.5328479226657995e-13,0.0,0.0,39167.369591390765,3891.8918918918907,20952.0,9089.212594037324,3096.0,14640.0,11088.0,0.0,20160.0,10420.751263361579,0.0,16248.0,8464.751263361502,0.0,49728.0,0.0,0.0,1783.7837837836853,200
1.0,1.0,1.0,1.0,1.0,1.0,1.0,1.0,0.0,0.0,0.0,0.0,0.0,1.5,25477066.485775463,25477066.485775463,0.0,67.0,259780.5423833851,1783.7837837836853,0.0,334228.4567327517,-1.5328479226657995e-13,0.0,0.0,39167.369591390765,3891.8918918918907,20952.0,9089.212594037324,3096.0,14640.0,11088.0,0.0,20160.0,10420.751263361579,0.0,16248.0,8464.751263361502,0.0,49728.0,0.0,0.0,1783.7837837836853,200
1.0,1.0,1.0,1.0,1.0,1.0,1.0,1.0,0.0,0.0,0.0,0.0,0.0,1.6,25477066.485775463,25477066.485775463,0.0,67.0,259780.5423833851,1783.7837837836853,0.0,334228.4567327517,-1.5328479226657995e-13,0.0,0.0,39167.369591390765,3891.8918918918907,20952.0,9089.212594037324,3096.0,14640.0,11088.0,0.0,20160.0,10420.751263361579,0.0,16248.0,8464.751263361502,0.0,49728.0,0.0,0.0,1783.7837837836853,200
1.0,1.0,1.0,1.0,1.0,1.0,1.0,1.0,0.0,0.0,0.0,0.0,0.0,1.7000000000000002,25477066.485775463,25477066.485775463,0.0,67.0,259780.5423833851,1783.7837837836853,0.0,334228.4567327517,-1.5328479226657995e-13,0.0,0.0,39167.369591390765,3891.8918918918907,20952.0,9089.212594037324,3096.0,14640.0,11088.0,0.0,20160.0,10420.751263361579,0.0,16248.0,8464.751263361502,0.0,49728.0,0.0,0.0,1783.7837837836853,200
1.0,1.0,1.0,1.0,1.0,1.0,1.0,1.0,0.0,0.0,0.0,0.0,0.0,1.8,25477066.485775463,25477066.485775463,0.0,67.0,259780.5423833851,1783.7837837836853,0.0,334228.4567327517,-1.5328479226657995e-13,0.0,0.0,39167.369591390765,3891.8918918918907,20952.0,9089.212594037324,3096.0,14640.0,11088.0,0.0,20160.0,10420.751263361579,0.0,16248.0,8464.751263361502,0.0,49728.0,0.0,0.0,1783.7837837836853,200
1.0,1.0,1.0,1.0,1.0,1.0,1.0,1.0,0.0,0.0,0.0,0.0,0.0,1.9000000000000001,25477066.485775463,25477066.485775463,0.0,67.0,259780.5423833851,1783.7837837836853,0.0,334228.4567327517,-1.5328479226657995e-13,0.0,0.0,39167.369591390765,3891.8918918918907,20952.0,9089.212594037324,3096.0,14640.0,11088.0,0.0,20160.0,10420.751263361579,0.0,16248.0,8464.751263361502,0.0,49728.0,0.0,0.0,1783.7837837836853,200
1.0,1.0,1.0,1.0,1.0,1.0,1.0,1.0,0.0,0.0,0.0,0.0,0.0,2.0,25477066.485775463,25477066.485775463,0.0,67.0,259780.5423833851,1783.7837837836853,0.0,334228.4567327517,-1.5328479226657995e-13,0.0,0.0,39167.369591390765,3891.8918918918907,20952.0,9089.212594037324,3096.0,14640.0,11088.0,0.0,20160.0,10420.751263361579,0.0,16248.0,8464.751263361502,0.0,49728.0,0.0,0.0,1783.7837837836853,200
1.0,1.0,1.0,1.0,1.0,1.0,1.0,1.0,0.0,0.0,0.0,0.0,0.0,0.0,19984241.290073212,19984241.290073212,0.0,69.0,228271.7684545004,0.0,0.0,247242.21261353424,0.0,0.0,0.0,32454.140925014806,2918.9189189189183,20952.0,6020.049991944835,3096.0,14640.0,11088.0,0.0,20160.0,10354.06859725737,0.0,16248.0,8398.068597257288,0.0,46867.285944782125,0.0,0.0,0.0,800
1.0,1.0,1.0,1.0,1.0,1.0,1.0,1.0,0.0,0.0,0.0,0.0,0.0,0.1,19935610.887629334,19935610.887629334,0.0,63.0,228228.69939958793,1381.3000000000002,0.0,246624.32108851316,0.0,0.0,0.0,31733.80150494801,3058.810261889419,20952.0,6398.767183363057,3096.0,14640.0,11088.0,0.0,20160.0,10364.451553757619,0.0,16248.0,8408.451553757535,0.0,47864.72616976341,0.0,0.0,1381.3000000000002,800
1.0,1.0,1.0,1.0,1.0,1.0,1.0,1.0,0.0,0.0,0.0,0.0,0.0,0.2,19893904.968448665,19893904.968448665,0.0,71.0,228146.70786482896,2762.6000000000004,0.0,246142.24048571094,0.0,0.0,0.0,30916.573642509065,3058.8102618894172,20952.0,6398.7671833630575,3096.0,14640.0,11088.0,0.0,20160.0,10364.465530838123,0.0,16248.0,8408.465530838042,0.0,47864.7261697634,0.0,0.0,2762.6000000000004,800
1.0,1.0,1.0,1.0,1.0,1.0,1.0,1.0,0.0,0.0,0.0,0.0,0.0,0.30000000000000004,19863730.703552216,19863730.703552216,0.0,65.0,227905.29750409743,4143.900000000001,0.0,245859.0969318263,0.0,0.0,0.0,30059.827557125333,3058.8102618894177,20952.0,6398.7671833630575,3096.0,14640.0,11088.0,0.0,20160.0,10364.476363900452,0.0,16248.0,8408.476363900372,0.0,47864.7261697634,0.0,0.0,4143.900000000001,800
1.0,1.0,1.0,1.0,1.0,1.0,1.0,1.0,0.0,0.0,0.0,0.0,0.0,0.4,19845114.66169757,19845114.66169757,0.0,71.0,227642.06842438783,5253.3945945944515,0.0,245731.04625500628,0.0,0.0,0.0,29341.61271905976,2918.9189189189183,20952.0,6020.049991944812,3096.0,14640.0,11088.0,0.0,20160.0,10354.130853482884,0.0,16248.0,8398.130853482802,0.0,45722.25617615546,0.0,0.0,5253.3945945944515,800
1.0,1.0,1.0,1.0,1.0,1.0,1.0,1.0,0.0,0.0,0.0,0.0,0.0,0.5,19837871.901521467,19837871.901521467,0.0,67.0,227609.89867364374,5717.391891891677,0.0,245711.44580176787,0.0,0.0,0.0,28929.3856257449,2918.9189189189183,20952.0,6398.767183363034,3096.0,14640.0,11088.0,0.0,20160.0,10363.66507221623,0.0,16248.0,8407.665072216152,0.0,46867.285944782125,0.0,0.0,5717.391891891677,800
1.0,1.0,1.0,1.0,1.0,1.0,1.0,1.0,0.0,0.0,0.0,0.0,0.0,0.6000000000000001,19833674.626274183,19833674.626274183,0.0,66.0,227564.28640044443,5984.740540540291,0.0,245691.845348529,0.0,0.0,0.0,28727.249703534686,2756.756756756756,20952.0,6020.049991944812,3096.0,14640.0,11088.0,0.0,20160.0,10360.517012527642,0.0,16248.0,8404.517012527562,0.0,44130.22640752884,0.0,0.0,5984.740540540291,800
1.0,1.0,1.0,1.0,1.0,1.0,1.0,1.0,0.0,0.0,0.0,0.0,0.0,0.7000000000000001,19830629.87984107,19830629.87984107,0.0,68.0,227521.1897014226,6170.589189188902,0.0,245672.24489529087,0.0,0.0,0.0,28604.098207145737,2756.756756756756,20952.0,6020.049991944836,3096.0,14640.0,11088.0,0.0,20160.0,10353.162946595892,0.0,16248.0,8397.16294659581,0.0,45871.25617615547,0.0,0.0,6170.589189188902,800
1.0,1.0,1.0,1.0,1.0,1.0,1.0,1.0,0.0,0.0,0.0,0.0,0.0,0.8,19829293.058159463,19829293.058159463,0.0,64.0,227401.15491780022,6310.789189188903,0.0,245652.6444420524,0.0,0.0,0.0,28603.533444006473,2756.756756756756,20952.0,6020.049991944836,3096.0,14640.0,11088.0,0.0,20160.0,10353.147614457159,0.0,16248.0,8397.147614457075,0.0,47165.2859447821,0.0,0.0,6310.789189188903,800
1.0,1.0,1.0,1.0,1.0,1.0,1.0,1.0,0.0,0.0,0.0,0.0,0.0,0.9,19828012.746017363,19828012.746017363,0.0,69.0,227329.40672238995,6402.137837837515,0.0,245633.0439888139,0.0,0.0,0.0,28603.533444006473,3081.0810810810804,20952.0,6398.7671833630575,3096.0,14640.0,11088.0,0.0,20160.0,10364.653087148272,0.0,16248.0,8408.65308714819,0.0,46252.31492065564,0.0,0.0,6402.137837837515,800
1.0,1.0,1.0,1.0,1.0,1.0,1.0,1.0,0.0,0.0,0.0,0.0,0.0,1.0,19826761.082523923,19826761.082523923,0.0,67.0,227286.3071756292,6464.8378378375155,0.0,245613.44353557544,0.0,0.0,0.0,28603.533444006473,3220.9724240515798,20952.0,6777.484374781279,3096.0,14640.0,11088.0,0.0,20160.0,10375.004165944603,0.0,16248.0,8419.00416594452,0.0,48409.78188106622,0.0,0.0,6464.8378378375155,800
1.0,1.0,1.0,1.0,1.0,1.0,1.0,1.0,0.0,0.0,0.0,0.0,0.0,1.1,19825509.419030476,19825509.419030476,0.0,66.0,227243.20762886724,6527.537837837516,0.0,245593.84308233697,0.0,0.0,0.0,28603.533444006473,3220.9724240515798,20952.0,6438.192254109771,3096.0,14640.0,11088.0,0.0,20160.0,10373.034695331127,0.0,16248.0,8417.034695331045,0.0,48409.78188106622,0.0,0.0,6527.537837837516,800
1.0,1.0,1.0,1.0,1.0,1.0,1.0,1.0,0.0,0.0,0.0,0.0,0.0,1.2000000000000002,19824257.755537033,19824257.755537033,0.0,69.0,227200.10808210573,6590.237837837515,0.0,245574.2426290985,0.0,0.0,0.0,28603.533444006473,3220.9724240515798,20952.0,6777.484374781279,3096.0,14640.0,11088.0,0.0,20160.0,10375.002638225847,0.0,16248.0,8419.002638225766,0.0,48409.78188106622,0.0,0.0,6590.237837837515,800
1.0,1.0,1.0,1.0,1.0,1.0,1.0,1.0,0.0,0.0,0.0,0.0,0.0,1.3,19823006.092043582,19823006.092043582,0.0,69.0,227157.00853534447,6652.937837837516,0.0,245554.64217586003,0.0,0.0,0.0,28603.533444006473,3220.9724240515798,20952.0,6438.192254109771,3096.0,14640.0,11088.0,0.0,20160.0,10373.033167612373,0.0,16248.0,8417.03316761229,0.0,48409.78188106622,0.0,0.0,6652.937837837516,800
1.0,1.0,1.0,1.0,1.0,1.0,1.0,1.0,0.0,0.0,0.0,0.0,0.0,1.4000000000000001,19821754.428550154,19821754.428550154,0.0,67.0,227113.9089885829,6715.637837837515,0.0,245535.04172262156,0.0,0.0,0.0,28603.533444006473,3220.9724240515793,20952.0,6777.484374781278,3096.0,14640.0,11088.0,0.0,20160.0,10375.014537498486,0.0,16248.0,8419.014537498404,0.0,48409.781881066214,0.0,0.0,6715.637837837515,800
1.0,1.0,1.0,1.0,1.0,1.0,1.0,1.0,0.0,0.0,0.0,0.0,0.0,1.5,19820502.765056696,19820502.765056696,0.0,68.0,227070.80944182153,6778.3378378375155,0.0,245515.4412693831,0.0,0.0,0.0,28603.533444006473,2918.9189189189183,20952.0,6059.475062691549,3096.0,14640.0,11088.0,0.0,20160.0,10361.692229315844,0.0,16248.0,8405.69222931576,0.0,46407.26830894474,0.0,0.0,6778.3378378375155,800
1.0,1.0,1.0,1.0,1.0,1.0,1.0,1.0,0.0,0.0,0.0,0.0,0.0,1.6,19819292.0529146,19819292.0529146,0.0,67.0,227068.6612464114,6800.086486486129,0.0,245495.8408161446,0.0,0.0,0.0,28603.5334440064,3081.0810810810804,20952.0,6398.767183363057,3096.0,14640.0,11088.0,0.0,20160.0,10364.663511302371,0.0,16248.0,8408.663511302291,0.0,44526.28211883168,0.0,0.0,6800.086486486129,800
1.0,1.0,1.0,1.0,1.0,1.0,1.0,1.0,0.0,0.0,0.0,0.0,0.0,1.7000000000000002,19818083.489421155,19818083.489421155,0.0,66.0,227068.66169964982,6819.686486486128,0.0,245476.2403629061,0.0,0.0,0.0,28603.5334440064,3081.0810810810804,20952.0,6398.767183363057,3096.0,14640.0,11088.0,0.0,20160.0,10364.663737921604,0.0,16248.0,8408.663737921526,0.0,44526.28211883168,0.0,0.0,6819.686486486128,800
1.0,1.0,1.0,1.0,1.0,1.0,1.0,1.0,0.0,0.0,0.0,0.0,0.0,1.8,19816874.925927706,19816874.925927706,0.0,66.0,227068.6621528883,6839.2864864861285,0.0,245456.6399096676,0.0,0.0,0.0,28603.5334440064,3081.0810810810804,20952.0,6398.767183363057,3096.0,14640.0,11088.0,0.0,20160.0,10364.66396454084,0.0,16248.0,8408.663964540761,0.0,44526.28211883168,0.0,0.0,6839.2864864861285,800
1.0,1.0,1.0,1.0,1.0,1.0,1.0,1.0,0.0,0.0,0.0,0.0,0.0,1.9000000000000001,19815666.362434264,19815666.362434264,0.0,67.0,227068.6626061269,6858.886486486128,0.0,245437.03945642916,0.0,0.0,0.0,28603.5334440064,3081.0810810810804,20952.0,6398.767183363057,3096.0,14640.0,11088.0,0.0,20160.0,10364.664771803868,0.0,16248.0,8408.664771803788,0.0,44526.28211883168,0.0,0.0,6858.886486486128,800
1.0,1.0,1.0,1.0,1.0,1.0,1.0,1.0,0.0,0.0,0.0,0.0,0.0,2.0,19814457.79894081,19814457.79894081,0.0,65.0,227068.66305936532,6878.486486486128,0.0,245417.4390031907,0.0,0.0,0.0,28603.5334440064,3081.0810810810804,20952.0,6398.767183363057,3096.0,14640.0,11088.0,0.0,20160.0,10364.664998423103,0.0,16248.0,8408.664998423023,0.0,44526.28211883168,0.0,0.0,6878.486486486128,800
1.0,1.0,1.0,1.0,1.0,1.0,1.0,1.0,0.0,0.0,0.0,0.0,0.0,0.0,18375753.13759443,18375753.13759443,0.0,59.0,167610.49759444225,0.0,0.0,238764.0,0.0,0.0,0.0,0.0,1783.7837837837835,16897.063863375046,3408.4547227639964,2786.722518123389,10370.0,7854.0,0.0,20158.361872509126,10280.054322622384,0.0,14901.167955485771,7651.457364110595,0.0,34757.23972290347,0.0,0.0,0.0,1400
1.0,1.0,1.0,1.0,1.0,1.0,1.0,1.0,0.0,0.0,0.0,0.0,0.0,0.1,18374371.83759442,18374371.83759442,0.0,58.0,166229.1975944422,1381.3000000000002,0.0,238764.0,0.0,0.0,0.0,0.0,1783.7837837837835,16272.659214823707,4176.454722763996,2528.722518123389,10370.0,8316.0,0.0,19526.872891879757,9952.817241598323,0.0,14224.16795548577,7301.464773401219,0.0,34855.427835880255,0.0,0.0,1381.3000000000002,1400
1.0,1.0,1.0,1.0,1.0,1.0,1.0,1.0,0.0,0.0,0.0,0.0,0.0,0.2,18372990.537594404,18372990.537594404,0.0,58.0,164847.89759444128,2762.6000000000004,0.0,238764.0,0.0,0.0,0.0,0.0,2108.108108108108,16722.188172352664,4165.88910560044,2657.722518123389,10370.0,8316.0,0.0,20158.361872509126,10292.279393565015,0.0,14901.167955485773,7663.682435053229,0.0,34072.79204925331,0.0,0.0,2762.6000000000004,1400
1.0,1.0,1.0,1.0,1.0,1.0,1.0,1.0,0.0,0.0,0.0,0.0,0.0,0.30000000000000004,18371609.23759441,18371609.23759441,0.0,61.0,163466.5975944401,4143.900000000001,0.0,238764.0,0.0,0.0,0.0,0.0,1945.9459459459456,16897.06386337502,4165.88910560044,2786.722518123389,10370.0,7854.0,0.0,20158.361872509126,10285.430046013133,0.0,14901.167955485771,7656.833087501346,0.0,33790.79204925326,0.0,0.0,4143.900000000001,1400
1.0,1.0,1.0,1.0,1.0,1.0,1.0,1.0,0.0,0.0,0.0,0.0,0.0,0.4,18370227.937594414,18370227.937594414,0.0,59.0,162085.29759444017,5525.200000000001,0.0,238764.0,0.0,0.0,0.0,0.0,1621.6216216216214,16734.39739316757,3340.2048587174786,2657.722518123389,11590.0,8778.0,0.0,19318.361872509126,9862.433393168598,0.0,14632.136325522966,7519.320619675422,0.0,35770.67413020729,0.0,0.0,5525.200000000001,1400
1.0,1.0,1.0,1.0,1.0,1.0,1.0,1.0,0.0,0.0,0.0,0.0,0.0,0.5,18368846.63759442,18368846.63759442,0.0,56.0,160703.99759443957,6906.5,0.0,238764.0,0.0,0.0,0.0,0.0,1783.7837837837835,15888.875691022356,3153.9642242232644,2528.722518123389,10980.0,8316.0,0.0,19318.361872509126,9861.329235432207,0.0,13937.97318953055,7173.372110345563,0.0,37609.79692288768,0.0,0.0,6906.5,1400
1.0,1.0,1.0,1.0,1.0,1.0,1.0,1.0,0.0,0.0,0.0,0.0,0.0,0.6000000000000001,18367465.337594416,18367465.337594416,0.0,55.0,159322.6975944396,8287.800000000001,0.0,238764.0,0.0,0.0,0.0,0.0,1459.4594594594594,14813.52170214521,3158.978156473525,2270.722518123389,10980.0,8778.0,0.0,18911.733791154253,9638.926543660955,0.0,13519.212423420136,6950.06534575457,0.0,37404.60811114983,0.0,0.0,8287.800000000001,1400
1.0,1.0,1.0,1.0,1.0,1.0,1.0,1.0,0.0,0.0,0.0,0.0,0.0,0.7000000000000001,18366559.697053872,18366559.697053872,0.0,54.0,158417.0570538989,9193.440540540292,0.0,238763.99999999997,0.0,0.0,0.0,0.0,1621.6216216216214,15686.52170214521,3591.1098069363147,2451.0,12200.0,9240.0,0.0,18478.361872509126,9439.519795843837,0.0,13704.154675765356,7054.889806122184,0.0,35830.094473279576,0.0,0.0,9193.440540540292,1400
1.0,1.0,1.0,1.0,1.0,1.0,1.0,1.0,0.0,0.0,0.0,0.0,0.0,0.8,18366021.526783604,18366021.526783604,0.0,56.0,157878.88678362846,9731.610810810436,0.0,238763.99999999997,0.0,0.0,0.0,0.0,1945.9459459459456,15861.397393167568,3453.0276420961986,2451.0,11701.045117784,9240.0,0.0,17272.62637118133,8846.812047624198,0.0,13355.92486154953,6892.6460669690005,0.0,38491.130322394725,0.0,0.0,9731.610810810436,1400
1.0,1.0,1.0,1.0,1.0,1.0,1.0,1.0,0.0,0.0,0.0,0.0,0.0,0.9,18365656.426783606,18365656.426783606,0.0,57.0,157513.78678362916,10096.710810810437,0.0,238763.99999999997,0.0,0.0,0.0,0.0,1459.4594594594594,16559.52170214521,3029.7375313457746,2451.0,11590.0,9240.0,0.0,18433.266273491194,9402.624153159602,0.0,13705.452366849808,7038.7171998388085,0.0,32096.322309159725,0.0,0.0,10096.710810810437,1400
1.0,1.0,1.0,1.0,1.0,1.0,1.0,1.0,0.0,0.0,0.0,0.0,0.0,1.0,18365400.191648476,18365400.191648476,0.0,55.0,157257.55164849455,10352.94594594551,0.0,238763.99999999997,0.0,0.0,0.0,0.0,1297.2972972972973,16559.52170214521,2327.145989482286,2451.0,11590.0,8778.0,0.0,18433.266273491194,9387.977449605456,0.0,13028.452366849806,6685.570496284651,0.0,33532.466257447275,0.0,0.0,10352.94594594551,1400
1.0,1.0,1.0,1.0,1.0,1.0,1.0,1.0,0.0,0.0,0.0,0.0,0.0,1.1,18365159.491648473,18365159.491648473,0.0,57.0,157016.85164849498,10593.64594594551,0.0,238763.99999999997,0.0,0.0,0.0,0.0,1459.4594594594594,16559.52170214521,2860.8561012279165,2451.0,10980.0,9240.0,0.0,18433.266273491194,9415.940277983194,0.0,13705.452366849806,7052.033324662405,0.0,32080.787174024685,0.0,0.0,10593.64594594551,1400
1.0,1.0,1.0,1.0,1.0,1.0,1.0,1.0,0.0,0.0,0.0,0.0,0.0,1.2000000000000002,18364989.656513326,18364989.656513326,0.0,54.0,156847.01651335845,10763.481081080583,0.0,238763.99999999997,0.0,0.0,0.0,0.0,1459.4594594594594,16399.00726264491,2096.1716367434674,2451.0,11590.0,9240.0,0.0,18433.266273491194,9403.853857720933,0.0,13794.444145821264,7084.442793885873,0.0,33669.95978721781,0.0,0.0,10763.481081080583,1400
1.0,1.0,1.0,1.0,1.0,1.0,1.0,1.0,0.0,0.0,0.0,0.0,0.0,1.3,18364849.456513327,18364849.456513327,0.0,55.0,156706.81651335745,10903.681081080582,0.0,238763.99999999997,0.0,0.0,0.0,0.0,1224.327895070844,15526.007262644913,2306.58597293275,2322.0,11701.045117784,9702.0,0.0,18433.266273491194,9397.931077230616,0.0,13705.452366849808,7034.024123909826,0.0,34685.235412703565,0.0,0.0,10903.681081080582,1400
1.0,1.0,1.0,1.0,1.0,1.0,1.0,1.0,0.0,0.0,0.0,0.0,0.0,1.4000000000000001,18364709.25651334,18364709.25651334,0.0,54.0,156566.61651335855,11043.881081080583,0.0,238763.99999999997,0.0,0.0,0.0,0.0,1343.8859761665449,15888.875691022358,2819.3231951564926,2451.0,12311.045117784002,9702.0,0.0,18610.150362550314,9500.858219097761,0.0,13599.099229685278,6995.332652665143,0.0,35075.15378973684,0.0,0.0,11043.881081080583,1400
1.0,1.0,1.0,1.0,1.0,1.0,1.0,1.0,0.0,0.0,0.0,0.0,0.0,1.5,18364596.421378218,18364596.421378218,0.0,55.0,156453.7813782231,11156.716216215656,0.0,238763.99999999997,0.0,0.0,0.0,0.0,1469.444057262267,16587.0,2310.8450955411727,2451.0,11590.0,9240.0,0.0,17768.512235059454,9071.17266125556,0.0,13530.206405281562,6952.019746366527,0.0,34894.767291851786,0.0,0.0,11156.716216215656,1400
1.0,1.0,1.0,1.0,1.0,1.0,1.0,1.0,0.0,0.0,0.0,0.0,0.0,1.6,18364533.721378222,18364533.721378222,0.0,55.0,156391.0813782241,11219.416216215657,0.0,238763.99999999997,0.0,0.0,0.0,0.0,1459.4594594594594,15714.0,2310.8450955411718,2322.0,12810.0,9702.0,0.0,18087.48882612519,9232.207873578285,0.0,12871.465646570228,6624.196283800695,0.0,35159.091135186885,0.0,0.0,11219.416216215657,1400
1.0,1.0,1.0,1.0,1.0,1.0,1.0,1.0,0.0,0.0,0.0,0.0,0.0,1.7000000000000002,18364471.021378223,18364471.021378223,0.0,56.0,156328.38137822418,11282.116216215658,0.0,238763.99999999997,0.0,0.0,0.0,0.0,1459.4594594594594,14765.776435669888,3068.2794783776153,2322.0,12810.0,9702.0,0.0,17768.512235059454,9077.96349812687,0.0,12853.206405281562,6622.784191888155,0.0,36211.48143502458,0.0,0.0,11282.116216215658,1400
1.0,1.0,1.0,1.0,1.0,1.0,1.0,1.0,0.0,0.0,0.0,0.0,0.0,1.8,18364408.32137822,18364408.32137822,0.0,56.0,156265.6813782226,11344.816216215657,0.0,238763.99999999997,0.0,0.0,0.0,0.0,1459.4594594594594,12795.32221522756,2819.3231951564903,2064.0,13420.0,10164.0,0.0,16380.698179773555,8395.342482435117,0.0,12754.182872184,6582.084828640263,0.0,42547.92910867467,0.0,0.0,11344.816216215657,1400
1.0,1.0,1.0,1.0,1.0,1.0,1.0,1.0,0.0,0.0,0.0,0.0,0.0,1.9000000000000001,18364345.62137821,18364345.62137821,0.0,55.0,156202.98137822334,11407.516216215656,0.0,238763.99999999997,0.0,0.0,0.0,0.0,1297.2972972972973,14680.568273536963,2689.562286959419,2193.0,12810.0,10164.0,0.0,17395.944141341784,8894.697151319033,0.0,13159.018035794828,6776.234098545469,0.0,36998.153789736854,0.0,0.0,11407.516216215656,1400
1.0,1.0,1.0,1.0,1.0,1.0,1.0,1.0,0.0,0.0,0.0,0.0,0.0,2.0,18364282.921378206,18364282.921378206,0.0,54.0,156140.28137822455,11470.216216215656,0.0,238763.99999999997,0.0,0.0,0.0,0.0,1135.1351351351352,14841.0,2286.724495617876,2064.0,12810.0,10164.0,0.0,16874.92073240752,8605.007376792451,0.0,12286.741264989654,6310.917643083427,0.0,35224.0,0.0,0.0,11470.216216215656,1400
1.0,1.0,1.0,1.0,1.0,1.0,1.0,1.0,0.0,0.0,0.0,0.0,0.0,0.0,4017445.3672168455,4017445.3672168455,0.0,59.0,253470.72530352135,0.0,0.0,29768.188781963036,246.9493329195457,113.89999999999999,0.0,35820.0,3891.8918918918907,20952.0,9089.212594037324,3096.0,14640.0,11088.0,0.0,20160.0,10423.201300991179,0.0,16248.0,8467.201300991102,0.0,49728.0,0.0,0.0,0.0,2000
1.0,1.0,1.0,1.0,1.0,1.0,1.0,1.0,0.0,0.0,0.0,0.0,0.0,0.1,3916522.3596048346,3916522.3596048346,0.0,68.0,253502.24762511151,1381.3000000000002,0.0,28694.053831499295,237.58319245592756,0.0,1.5158245029548803e-13,35820.0,3891.8918918918907,20952.0,9089.212594037324,3096.0,14640.0,11088.0,0.0,20160.0,10428.59366288619,0.0,16248.0,8472.593662886109,0.0,49728.0,0.0,0.0,1381.3000000000002,2000
1.0,1.0,1.0,1.0,1.0,1.0,1.0,1.0,0.0,0.0,0.0,0.0,0.0,0.2,3816727.748275301,3816727.748275301,0.0,69.0,253697.16822985758,2762.6000000000004,0.0,26416.565192530707,264.0992653323279,90.29999999997932,0.0,35794.582285189026,3891.8918918918907,20952.0,9089.212594037324,3096.0,14640.0,11088.0,0.0,20160.0,10387.74531737233,0.0,16248.0,8431.74531737225,0.0,49728.0,0.0,0.0,2762.6000000000004,2000
1.0,1.0,1.0,1.0,1.0,1.0,1.0,1.0,0.0,0.0,0.0,0.0,0.0,0.30000000000000004,3717427.207977234,3717427.207977234,0.0,68.0,253709.59899165813,4143.900000000001,0.0,25429.596443683884,250.47839536739684,52.140000000000015,0.0,35752.881151393536,3891.8918918918907,20952.0,9089.212594037324,3096.0,14640.0,11088.0,0.0,20160.0,10390.05178680861,0.0,16248.0,8434.051786808526,0.0,49728.0,0.0,0.0,4143.900000000001,2000
1.0,1.0,1.0,1.0,1.0,1.0,1.0,1.0,0.0,0.0,0.0,0.0,0.0,0.4,3620723.520518633,3620723.520518633,0.0,62.0,254678.8896630513,5525.200000000001,0.0,20916.900836138164,324.80868606932415,378.7496,0.0,35804.449510699036,3891.8918918918907,20952.0,9089.212594037324,3096.0,14640.0,11088.0,0.0,20160.0,10422.971405028198,0.0,16248.0,8466.971405028116,0.0,49728.0,0.0,0.0,5525.200000000001,2000
1.0,1.0,1.0,1.0,1.0,1.0,1.0,1.0,0.0,0.0,0.0,0.0,0.0,0.5,3519532.683258984,3519532.683258984,0.0,68.0,255205.08285111852,6906.5,0.0,18280.795999792303,356.3557763462452,403.22439999999943,0.0,35751.456192331396,3891.8918918918907,20952.0,9089.212594037324,3096.0,14640.0,11088.0,0.0,20160.0,10505.131760338409,0.0,16248.0,8549.131760338329,0.0,49728.0,0.0,0.0,6906.5,2000
1.0,1.0,1.0,1.0,1.0,1.0,1.0,1.0,0.0,0.0,0.0,0.0,0.0,0.6000000000000001,3424968.945142568,3424968.945142568,0.0,70.0,255218.68131577913,8287.800000000001,0.0,17188.05426048915,352.10769890775265,240.26000000135176,0.0,35714.21772549579,3891.8918918918907,20952.0,9089.212594037324,3096.0,14640.0,11088.0,0.0,20160.0,10501.775255710314,0.0,16248.0,8545.775255710232,0.0,49728.0,0.0,0.0,8287.800000000001,2000
1.0,1.0,1.0,1.0,1.0,1.0,1.0,1.0,0.0,0.0,0.0,0.0,0.0,0.7000000000000001,3338257.5374189476,3338257.5374189476,0.0,65.0,255226.14623679628,9669.1,0.0,15940.182409319514,348.6000463677792,288.1199999999999,0.0,35609.64831660811,3891.8918918918907,20952.0,9089.212594037324,3096.0,14640.0,11088.0,0.0,20160.0,10492.208127836404,0.0,16248.0,8536.208127836322,0.0,49728.0,0.0,0.0,9669.1,2000
1.0,1.0,1.0,1.0,1.0,1.0,1.0,1.0,0.0,0.0,0.0,0.0,0.0,0.8,3258866.5852607675,3258866.5852607675,0.0,64.0,255486.58368004236,11050.400000000001,0.0,13754.788825657806,379.4068832403266,252.27999999999997,0.0,35449.780372082256,3891.8918918918907,20952.0,9089.212594037324,3096.0,14640.0,11088.0,0.0,20160.0,10498.939983105722,0.0,16248.0,8542.939983105638,0.0,49728.0,0.0,0.0,11050.400000000001,2000
1.0,1.0,1.0,1.0,1.0,1.0,1.0,1.0,0.0,0.0,0.0,0.0,0.0,0.9,3183453.554044825,3183453.554044825,0.0,65.0,256090.4908266024,12345.843243243065,0.0,10625.03204692765,433.4966513234317,381.2711975055835,0.0,35253.04112950968,3891.8918918918907,20952.0,9089.212594037324,3096.0,14640.0,11088.0,0.0,20160.0,10472.403888577703,0.0,16248.0,8516.40388857762,0.0,49728.0,0.0,0.0,12345.843243243065,2000
1.0,1.0,1.0,1.0,1.0,1.0,1.0,1.0,0.0,0.0,0.0,0.0,0.0,1.0,3130501.646604002,3130501.646604002,0.0,62.0,256182.29826157942,13133.48648648613,0.0,9768.638086580611,439.0709004475031,358.0858391431117,0.0,35119.38779102067,3891.8918918918907,20952.0,9089.212594037324,3096.0,14640.0,11088.0,0.0,20160.0,10474.93314077294,0.0,16248.0,8518.933140772859,0.0,49728.0,0.0,0.0,13133.48648648613,2000
1.0,1.0,1.0,1.0,1.0,1.0,1.0,1.0,0.0,0.0,0.0,0.0,0.0,1.1,3090761.48606668,3090761.48606668,0.0,75.0,256180.22463887854,13686.208108107663,0.0,9628.65458916793,426.53311119149316,368.0281956100463,0.0,34999.68787519036,3891.8918918918907,20952.0,9089.212594037324,3096.0,14640.0,11088.0,0.0,20160.0,10472.221253141703,0.0,16248.0,8516.22125314162,0.0,49728.0,0.0,0.0,13686.208108107663,2000
1.0,1.0,1.0,1.0,1.0,1.0,1.0,1.0,0.0,0.0,0.0,0.0,0.0,1.2000000000000002,3060583.5202471153,3060583.5202471153,0.0,68.0,256176.65621167043,14110.929729729196,0.0,9474.382023917562,420.15639740112573,316.41480000000007,0.0,34937.46177260603,3891.8918918918907,20952.0,9089.212594037324,3096.0,14640.0,11088.0,0.0,20160.0,10472.112115818323,0.0,16248.0,8516.112115818243,0.0,49728.0,0.0,0.0,14110.929729729196,2000
1.0,1.0,1.0,1.0,1.0,1.0,1.0,1.0,0.0,0.0,0.0,0.0,0.0,1.3,3034784.1711832443,3034784.1711832443,0.0,67.0,256176.65507452388,14476.029729729195,0.0,9454.2230617149,410.71742805941057,316.41480000000007,0.0,34819.05713615635,3891.8918918918907,20952.0,9089.212594037324,3096.0,14640.0,11088.0,0.0,20160.0,10472.099309997724,0.0,16248.0,8516.09930999764,0.0,49728.0,0.0,0.0,14476.029729729195,2000
1.0,1.0,1.0,1.0,1.0,1.0,1.0,1.0,0.0,0.0,0.0,0.0,0.0,1.4000000000000001,3012439.5168328593,3012439.5168328593,0.0,70.0,256176.66503575767,14721.151351350727,0.0,9104.107916627803,408.34240887939677,316.41480000000007,0.0,34981.04115870881,3891.8918918918907,20952.0,9089.212594037324,3096.0,14640.0,11088.0,0.0,20160.0,10472.116527861821,0.0,16248.0,8516.11652786174,0.0,49728.0,0.0,0.0,14721.151351350727,2000
1.0,1.0,1.0,1.0,1.0,1.0,1.0,1.0,0.0,0.0,0.0,0.0,0.0,1.5,2991510.3592749955,2991510.3592749955,0.0,75.0,256170.26358003812,14961.851351350728,0.0,8987.6797408494,403.1812168489918,316.41480000000007,0.0,34987.03939893596,3891.8918918918907,20952.0,9089.212594037324,3096.0,14640.0,11088.0,0.0,20160.0,10470.142064864058,0.0,16248.0,8514.142064863974,0.0,49728.0,0.0,0.0,14961.851351350728,2000
1.0,1.0,1.0,1.0,1.0,1.0,1.0,1.0,0.0,0.0,0.0,0.0,0.0,1.6,2973892.545810475,2973892.545810475,0.0,72.0,256176.46663076515,15202.551351350727,0.0,8815.569407482699,399.924068878224,352.39480000000015,0.0,34954.43823287454,3891.8918918918907,20952.0,9089.212594037324,3096.0,14640.0,11088.0,0.0,20160.0,10470.354486332199,0.0,16248.0,8514.354486332115,0.0,49728.0,0.0,0.0,15202.551351350727,2000
1.0,1.0,1.0,1.0,1.0,1.0,1.0,1.0,0.0,0.0,0.0,0.0,0.0,1.7000000000000002,2960988.828128911,2960988.828128911,0.0,65.0,256143.8300144198,15356.37297297226,0.0,8735.644546312293,398.9586964183709,280.57480000000004,0.0,35008.16702780472,3891.8918918918907,20952.0,9089.212594037324,3096.0,14640.0,11088.0,0.0,20160.0,10470.062063764439,0.0,16248.0,8514.062063764357,0.0,49728.0,0.0,0.0,15356.37297297226,2000
1.0,1.0,1.0,1.0,1.0,1.0,1.0,1.0,0.0,0.0,0.0,0.0,0.0,1.8,2953975.8384548645,2953975.8384548645,0.0,66.0,256100.73329425408,15496.572972972259,0.0,8649.44151853442,398.1420108667675,280.57480000000004,0.0,35016.86722898708,3891.8918918918907,20952.0,9089.212594037324,3096.0,14640.0,11088.0,0.0,20160.0,10470.075444186363,0.0,16248.0,8514.075444186283,0.0,49728.0,0.0,0.0,15496.572972972259,2000
1.0,1.0,1.0,1.0,1.0,1.0,1.0,1.0,0.0,0.0,0.0,0.0,0.0,1.9000000000000001,2946976.058153231,2946976.058153231,0.0,66.0,256060.69166176533,15636.77297297226,0.0,8569.349026833901,397.1980269399459,280.5748,0.0,35019.45696741972,3891.8918918918907,20952.0,9089.212594037324,3096.0,14640.0,11088.0,0.0,20160.0,10470.064348801192,0.0,16248.0,8514.064348801112,0.0,49728.0,0.0,0.0,15636.77297297226,2000
1.0,1.0,1.0,1.0,1.0,1.0,1.0,1.0,0.0,0.0,0.0,0.0,0.0,2.0,2940149.416760736,2940149.416760736,0.0,65.0,256060.69391108435,15776.97297297226,0.0,8569.349026833956,394.58550789091095,280.57480000000004,0.0,34941.95517527777,3891.8918918918907,20952.0,9089.212594037324,3096.0,14640.0,11088.0,0.0,20160.0,10470.07771070788,0.0,16248.0,8514.077710707794,0.0,49728.0,0.0,0.0,15776.97297297226,2000
1.0,1.0,1.0,1.0,1.0,1.0,1.0,1.0,0.0,0.0,0.0,0.0,0.0,0.0,1173498.2304381635,1173498.2304381635,0.0,65.0,235549.576548563,0.0,0.0,0.0,10.154677803842104,20.614592798839148,0.0,24265.77505178704,3891.8918918918907,12222.0,6838.040679855106,3096.0,14640.0,11088.0,0.0,15120.0,7877.2819638081055,0.0,16248.0,8441.281963808127,0.0,49728.0,0.0,0.0,0.0,2600
1.0,1.0,1.0,1.0,1.0,1.0,1.0,1.0,0.0,0.0,0.0,0.0,0.0,0.1,1170550.800829093,1170550.800829093,0.0,58.0,234285.1956569236,1381.3000000000002,0.0,0.0,9.93801818002805,25.75459279883915,0.0,24148.915774401234,3891.8918918918907,13095.0,6448.7578712733275,3096.0,14640.0,11088.0,0.0,15120.0,7880.1062452224,0.0,16248.0,8444.106245222421,0.0,49728.0,0.0,0.0,1381.3000000000002,2600
1.0,1.0,1.0,1.0,1.0,1.0,1.0,1.0,0.0,0.0,0.0,0.0,0.0,0.2,1169164.7809794382,1169164.7809794382,0.0,67.0,232903.9765440169,2762.6000000000004,0.0,0.0,10.113026239719108,21.47351227292172,0.0,24148.91577440123,3891.8918918918907,13095.0,6448.7578712733275,3096.0,14640.0,11088.0,0.0,15120.0,7880.132367012289,0.0,16248.0,8444.132367012313,0.0,49728.0,0.0,0.0,2762.6000000000004,2600
1.0,1.0,1.0,1.0,1.0,1.0,1.0,1.0,0.0,0.0,0.0,0.0,0.0,0.30000000000000004,1167783.480979436,1167783.480979436,0.0,70.0,231522.67654401506,4143.900000000001,0.0,0.0,10.113026239719108,21.47351227292172,0.0,24148.91577440123,3891.8918918918907,11349.0,6509.829947864473,3096.0,14640.0,11088.0,0.0,15120.0,7862.968733200065,0.0,16248.0,8419.651976443332,0.0,49728.0,0.0,0.0,4143.900000000001,2600
1.0,1.0,1.0,1.0,1.0,1.0,1.0,1.0,0.0,0.0,0.0,0.0,0.0,0.4,1147176.486165622,1147176.486165622,0.0,65.0,246277.40297196442,5525.200000000001,0.0,0.0,331.52111817231025,320.5686523395872,0.0,0.0,3891.8918918918907,11826.511869542257,11162.574339226632,3096.0,14640.0,11088.0,0.0,15120.0,7909.709315457464,0.0,16248.0,8473.70931545749,0.0,49728.0,0.0,0.0,5525.200000000001,2600
1.0,1.0,1.0,1.0,1.0,1.0,1.0,1.0,0.0,0.0,0.0,0.0,0.0,0.5,1077049.4395307258,1077049.4395307258,0.0,62.0,245557.7468753225,6906.5,0.0,0.0,307.60881604652883,232.82,0.0,0.0,3891.8918918918907,10101.850311580045,11952.171359494883,3096.0,14640.0,11088.0,0.0,15120.0,7901.416656177839,0.0,16248.0,8465.416656177866,0.0,49728.0,0.0,0.0,6906.5,2600
1.0,1.0,1.0,1.0,1.0,1.0,1.0,1.0,0.0,0.0,0.0,0.0,0.0,0.6000000000000001,1027664.1261606596,1027664.1261606596,0.0,65.0,244647.90207303112,8287.800000000001,0.0,2.7344793096517606e-12,297.66568280866244,0.0,0.0,0.0,3891.8918918918907,8993.439052981113,12162.205127081144,3096.0,14640.0,11088.0,0.0,15120.0,7895.683000538478,0.0,16248.0,8459.683000538505,0.0,49728.0,0.0,0.0,8287.800000000001,2600
1.0,1.0,1.0,1.0,1.0,1.0,1.0,1.0,0.0,0.0,0.0,0.0,0.0,0.7000000000000001,993745.727182606,993745.727182606,0.0,63.0,243561.83846039086,9669.1,0.0,0.0,271.01032224476745,344.4922661735146,-1.1052964099533824e-13,0.0,3891.8918918918907,8005.69770100287,12087.380076617412,3096.0,14640.0,11088.0,0.0,15120.0,7883.934395439363,0.0,16248.0,8447.934395439388,0.0,49728.0,0.0,0.0,9669.1,2600
1.0,1.0,1.0,1.0,1.0,1.0,1.0,1.0,0.0,0.0,0.0,0.0,0.0,0.8,976026.8630155034,976026.8630155034,0.0,62.0,242375.04687882907,11050.400000000001,0.0,2.379476498649835e-12,277.25964923373107,0.0,0.0,0.0,3891.8918918918907,7018.787669446118,11901.874575940301,3096.0,14640.0,11088.0,0.0,15120.0,7876.746370775369,0.0,16248.0,8440.746370775396,0.0,49728.0,0.0,0.0,11050.400000000001,2600
1.0,1.0,1.0,1.0,1.0,1.0,1.0,1.0,0.0,0.0,0.0,0.0,0.0,0.9,965918.1736419253,965918.1736419253,0.0,62.0,241090.84733914913,12431.699999999999,0.0,0.0,273.2137967203901,0.0,0.0,0.0,2908.3727212497147,18333.0,8805.95499531468,2580.0,14640.0,11088.0,0.0,20160.0,10442.92219176903,0.0,16248.0,8486.922191768943,0.0,49728.0,0.0,0.0,12431.699999999999,2600
1.0,1.0,1.0,1.0,1.0,1.0,1.0,1.0,0.0,0.0,0.0,0.0,0.0,1.0,962383.933964838,962383.933964838,0.0,68.0,239733.50082910358,13813.0,0.0,0.0,272.21573463896374,0.0,0.0,0.0,3891.8918918918907,20502.471042471043,9478.495402619103,3096.0,14640.0,11088.0,0.0,19879.09201685775,10332.458367076393,0.0,15571.0,8178.412358647424,0.0,33951.731233742765,0.0,0.0,13813.0,2600
1.0,1.0,1.0,1.0,1.0,1.0,1.0,1.0,0.0,0.0,0.0,0.0,0.0,1.1,959240.9452277645,959240.9452277645,0.0,60.0,238371.80128234124,15194.300000000001,0.0,0.0,271.39904908736054,0.0,0.0,0.0,3727.942049176829,5651.306774890617,10726.431399937397,3096.0,14640.0,11088.0,0.0,14280.0,7438.560529168219,0.0,16248.0,8422.560529168264,0.0,49728.0,0.0,0.0,15194.300000000001,2600
1.0,1.0,1.0,1.0,1.0,1.0,1.0,1.0,0.0,0.0,0.0,0.0,0.0,1.2000000000000002,956342.4321663119,956342.4321663119,0.0,71.0,237254.57741125685,16331.12432432398,0.0,0.0,270.5823635357326,0.0,0.0,0.0,3567.5675675675666,18756.471042471043,10257.061019782657,3096.0,14640.0,11088.0,0.0,19320.0,10037.963962946027,0.0,16130.092016857769,8443.009971374835,0.0,34894.374773204196,0.0,0.0,16331.12432432398,2600
1.0,1.0,1.0,1.0,1.0,1.0,1.0,1.0,0.0,0.0,0.0,0.0,0.0,1.3,953838.3353211818,953838.3353211818,0.0,60.0,236531.7697563862,17073.53243243197,0.0,0.0,269.76567798415334,0.0,0.0,0.0,3750.5422381077333,5182.662615344813,10607.88416363982,3096.0,14640.0,11088.0,0.0,13440.0,7012.819689723736,0.0,16248.0,8416.819689723794,0.0,49728.0,0.0,0.0,17073.53243243197,2600
1.0,1.0,1.0,1.0,1.0,1.0,1.0,1.0,0.0,0.0,0.0,0.0,0.0,1.4000000000000001,951510.2384760018,951510.2384760018,0.0,63.0,235984.96210151672,17639.940540539963,0.0,0.0,268.94899243255105,0.0,0.0,0.0,3733.57604149775,5004.824573063031,10270.213359463183,3096.0,14640.0,11088.0,0.0,13440.0,7009.674063746377,0.0,16248.0,8413.674063746437,0.0,49728.0,0.0,0.0,17639.940540539963,2600
1.0,1.0,1.0,1.0,1.0,1.0,1.0,1.0,0.0,0.0,0.0,0.0,0.0,1.5,949263.3416308187,949263.3416308187,0.0,61.0,235519.3544466472,18125.14864864795,0.0,0.0,268.1323068809475,0.0,0.0,0.0,3733.5925290953037,4885.612225577786,10052.14362113953,2967.0,14640.0,11088.0,0.0,13440.0,7007.0030354172795,0.0,16248.0,8411.00303541734,0.0,49728.0,0.0,0.0,18125.14864864795,2600
1.0,1.0,1.0,1.0,1.0,1.0,1.0,1.0,0.0,0.0,0.0,0.0,0.0,1.6,947136.582238984,947136.582238984,0.0,64.0,235173.85457339213,18490.24864864795,0.0,1.8632595466527846e-12,267.3156349332418,0.0,0.0,0.0,3746.583597954131,5026.003529399671,10672.562273960133,3096.0,14640.0,11088.0,0.0,12600.0,6589.852586039073,0.0,16248.0,8413.852586039151,0.0,49728.0,0.0,0.0,18490.24864864795,2600
1.0,1.0,1.0,1.0,1.0,1.0,1.0,1.0,0.0,0.0,0.0,0.0,0.0,1.7000000000000002,945016.5259699,945016.5259699,0.0,61.0,234835.04646707512,18848.656756755943,0.0,0.0,266.49896819194987,0.0,0.0,0.0,3746.583597954149,5510.199727244696,9853.456375330717,3096.0,14640.0,11088.0,0.0,12600.0,6587.9033832727455,0.0,16248.0,8411.903383272826,0.0,49728.0,0.0,0.0,18848.656756755943,2600
1.0,1.0,1.0,1.0,1.0,1.0,1.0,1.0,0.0,0.0,0.0,0.0,0.0,1.8,943014.1778089254,943014.1778089254,0.0,58.0,234613.94646886605,19089.356756755944,0.0,0.0,265.68230145065854,0.0,0.0,0.0,3746.583597954149,5415.661611333544,9729.438520852207,3096.0,14640.0,11088.0,0.0,12600.0,6586.631369363058,0.0,16248.0,8410.631369363138,0.0,49728.0,0.0,0.0,19089.356756755944,2600
1.0,1.0,1.0,1.0,1.0,1.0,1.0,1.0,0.0,0.0,0.0,0.0,0.0,1.9000000000000001,941011.8296479515,941011.8296479515,0.0,62.0,234392.846470657,19330.056756755945,0.0,0.0,264.86563470936744,0.0,0.0,0.0,3746.583597954149,5339.053344914727,9587.490816881345,3096.0,14640.0,11088.0,0.0,12600.0,6585.359355453373,0.0,16248.0,8409.359355453451,0.0,49728.0,0.0,0.0,19330.056756755945,2600
1.0,1.0,1.0,1.0,1.0,1.0,1.0,1.0,0.0,0.0,0.0,0.0,0.0,2.0,939009.4814869771,939009.4814869771,0.0,60.0,234171.746472448,19570.756756755945,0.0,0.0,264.04896796807594,0.0,0.0,0.0,3746.583597954149,5262.445078495919,9445.543112910493,3096.0,14640.0,11088.0,0.0,12600.0,6584.087341543687,0.0,16248.0,8408.087341543764,0.0,49728.0,0.0,0.0,19570.756756755945,2600
